id,first_name,last_name,email,gender,country
1,Malissia,MacGown,mmacgown0@prnewswire.com,Female,Poland
2,Irma,Gouldstone,igouldstone1@hud.gov,Female,Russia
3,Loni,Titley,ltitley2@free.fr,Female,France
4,Biddy,Freake,bfreake3@ftc.gov,Female,Russia
5,Brenna,Donan,bdonan4@storify.com,Female,China
6,Stacie,Nissle,snissle5@jimdo.com,Female,Portugal
7,Mirella,Goble,mgoble6@geocities.com,Female,France
8,Boyce,Cornborough,bcornborough7@yolasite.com,Male,Philippines
9,Alyson,Dreigher,adreigher8@hud.gov,Female,Indonesia
10,Angele,Reid,areid9@blogger.com,Female,Japan
11,Annabal,McPheat,amcpheata@china.com.cn,Female,Mongolia
12,Darb,Muglestone,dmuglestoneb@ocn.ne.jp,Male,China
13,Laird,Catterall,lcatterallc@altervista.org,Male,Yemen
14,Trude,Martinson,tmartinsond@hao123.com,Female,Kazakhstan
15,Bay,Andren,bandrene@gnu.org,Male,Libya
16,Madelle,Motten,mmottenf@theatlantic.com,Polygender,Portugal
17,Marillin,Pettipher,mpettipherg@vk.com,Female,Poland
18,Ursala,Puddefoot,upuddefooth@answers.com,Female,Portugal
19,Blake,Denman,bdenmani@ocn.ne.jp,Male,Poland
20,Berget,Kempe,bkempej@rakuten.co.jp,Female,Honduras
21,Estell,Thrasher,ethrasherk@home.pl,Female,Ukraine
22,Grady,Janous,gjanousl@aboutads.info,Male,Portugal
23,Fleming,Edgecumbe,fedgecumbem@boston.com,Male,Greece
24,Alvy,Lamport,alamportn@fastcompany.com,Male,Portugal
25,Briny,Furlong,bfurlongo@simplemachines.org,Female,Czech Republic
26,Thane,Jost,tjostp@soundcloud.com,Male,Indonesia
27,Lemuel,Salliere,lsalliereq@unesco.org,Male,Russia
28,Llywellyn,Eyden,leydenr@bbb.org,Male,North Korea
29,Bernardine,Pyrton,bpyrtons@flickr.com,Female,Chile
30,Emery,Itzkin,eitzkint@soundcloud.com,Male,Indonesia
31,Peyter,House,phouseu@psu.edu,Male,China
32,Olav,Petrovic,opetrovicv@abc.net.au,Male,Thailand
33,Estell,Bottle,ebottlew@blogtalkradio.com,Female,Indonesia
34,Gerianna,Mold,gmoldx@furl.net,Female,Indonesia
35,Lauren,Skaif,lskaify@sourceforge.net,Male,Reunion
36,Constantine,Stenet,cstenetz@ask.com,Male,Indonesia
37,Dierdre,Louche,dlouche10@php.net,Female,Indonesia
38,Brice,Graham,bgraham11@msn.com,Male,Thailand
39,Dyan,Esgate,desgate12@deviantart.com,Female,Russia
40,Anatole,Villar,avillar13@yale.edu,Male,Russia
41,Gusta,Midgley,gmidgley14@abc.net.au,Female,Brazil
42,Nydia,Gillum,ngillum15@github.com,Female,Honduras
43,Dave,Cecchi,dcecchi16@examiner.com,Male,Malaysia
44,Darcee,Ciubutaro,dciubutaro17@noaa.gov,Female,Israel
45,Oswell,Wiersma,owiersma18@time.com,Male,Ukraine
46,Kipper,Cardon,kcardon19@macromedia.com,Male,Ethiopia
47,Alvie,Ledster,aledster1a@sphinn.com,Male,France
48,Tatum,Probbings,tprobbings1b@instagram.com,Female,Sweden
49,Ashla,Pettigree,apettigree1c@hostgator.com,Female,Luxembourg
50,Marylinda,Barwis,mbarwis1d@amazon.co.uk,Female,Morocco
51,Conchita,Ashton,cashton1e@kickstarter.com,Bigender,Indonesia
52,Angel,Micah,amicah1f@gmpg.org,Male,China
53,Sterne,Winckworth,swinckworth1g@e-recht24.de,Male,China
54,Zorina,Daly,zdaly1h@uiuc.edu,Female,China
55,Nestor,Neagle,nneagle1i@scribd.com,Agender,Indonesia
56,Vyky,Knivett,vknivett1j@washingtonpost.com,Female,Brazil
57,Delmer,Cuckson,dcuckson1k@google.com.au,Male,Haiti
58,Lainey,Drinan,ldrinan1l@jalbum.net,Agender,China
59,Luella,Dominico,ldominico1m@mayoclinic.com,Female,Ukraine
60,Phip,Nassey,pnassey1n@wikia.com,Male,Canada
61,Eve,Joselevitz,ejoselevitz1o@unc.edu,Female,Brazil
62,Jerry,Haeslier,jhaeslier1p@nydailynews.com,Female,China
63,Xylia,Woosnam,xwoosnam1q@umich.edu,Female,China
64,Chere,Desseine,cdesseine1r@columbia.edu,Female,Czech Republic
65,Lanny,Wilfinger,lwilfinger1s@washington.edu,Male,Portugal
66,Letisha,Edmonson,ledmonson1t@sbwire.com,Female,United States
67,Michal,Adelsberg,madelsberg1u@macromedia.com,Non-binary,Portugal
68,Baudoin,Roads,broads1v@bravesites.com,Male,Kazakhstan
69,Wenda,Bursnall,wbursnall1w@webeden.co.uk,Female,United States
70,Beck,Pattinson,bpattinson1x@usda.gov,Male,China
71,Sully,Renvoise,srenvoise1y@reuters.com,Male,Albania
72,Dolly,Caston,dcaston1z@theguardian.com,Female,Japan
73,Uta,Ashlin,uashlin20@tripod.com,Female,Japan
74,Jake,O'Hederscoll,johederscoll21@skyrock.com,Male,China
75,Byrann,Gunderson,bgunderson22@squidoo.com,Male,Indonesia
76,Lew,Schwanden,lschwanden23@merriam-webster.com,Male,Indonesia
77,Elna,Sailor,esailor24@berkeley.edu,Female,China
78,Gearalt,Maxstead,gmaxstead25@weebly.com,Male,Philippines
79,Alley,Haswell,ahaswell26@mozilla.com,Male,Colombia
80,Aimee,Schulter,aschulter27@gov.uk,Female,China
81,Junia,Johnys,jjohnys28@sfgate.com,Female,United States
82,Alley,Chatteris,achatteris29@github.io,Male,Canada
83,Fredek,Elliot,felliot2a@tripadvisor.com,Male,Brazil
84,Tatiana,Latus,tlatus2b@ocn.ne.jp,Female,Syria
85,Alexia,Burl,aburl2c@uiuc.edu,Female,Indonesia
86,Ruy,Toffoloni,rtoffoloni2d@naver.com,Male,Vietnam
87,Norry,Gimenez,ngimenez2e@miibeian.gov.cn,Agender,France
88,Shaughn,Eltone,seltone2f@pcworld.com,Genderfluid,France
89,Tiffy,Olivi,tolivi2g@blogger.com,Female,China
90,Hirsch,Dorracott,hdorracott2h@surveymonkey.com,Male,Guatemala
91,Ricky,Thridgould,rthridgould2i@flavors.me,Female,Albania
92,Leila,Branscomb,lbranscomb2j@illinois.edu,Female,Slovenia
93,Cassie,Scrooby,cscrooby2k@google.es,Female,France
94,Kaitlynn,Keems,kkeems2l@bizjournals.com,Female,China
95,Consolata,Lamberteschi,clamberteschi2m@meetup.com,Female,Israel
96,Tom,Bubbings,tbubbings2n@opensource.org,Male,Palestinian Territory
97,Padraic,Buterton,pbuterton2o@amazon.de,Male,Indonesia
98,Heddie,Botger,hbotger2p@so-net.ne.jp,Female,Argentina
99,Karim,Gerckens,kgerckens2q@stumbleupon.com,Male,Portugal
100,Marlon,Michelotti,mmichelotti2r@ebay.co.uk,Male,China
